filename, Fishing Boat, Merchant Ship, Military Ship, Patrol Boat, Sails Boat, Submarine, Tugboat, Yacht
merch_69_jpg.rf.d47166fb68ddfe520eea25dbdf38068e.jpg, 1, 1, 1, 0, 0, 0, 0, 0
yacht_62_jpg.rf.d988bc6e7273ed218829e7ed2843b047.jpg, 0, 0, 0, 1, 1, 0, 0, 1
military_7_jpg.rf.d87cfcbf7547853acee0ca4af4380ce9.jpg, 1, 0, 1, 1, 0, 0, 0, 0
yacht_96_jpg.rf.d6db2c1d5b630e780389a00fcc411bd7.jpg, 0, 0, 0, 0, 1, 1, 0, 1
patrol_24_jpg.rf.d72aed545270e9115e9aea267417b116.jpg, 1, 1, 0, 1, 1, 0, 0, 0
yacht_61_jpg.rf.dad88db3f6e284a730dbf31467098850.jpg, 0, 0, 0, 0, 1, 1, 0, 1
patrol_52_jpg.rf.d756b8099565cd322f9feb2bf8aa809e.jpg, 1, 0, 1, 1, 0, 0, 0, 0
military_96_jpg.rf.d63eca32ea64bd257c0ea16fc94edec3.jpg, 1, 0, 1, 1, 0, 0, 0, 0
patrol_47_jpg.rf.d97da306eae9d1a0c183847fb5feb7bc.jpg, 0, 1, 1, 1, 0, 0, 0, 0
patrol_30_jpg.rf.d0de7bafbbbba4fba7e0920ed3ee4382.jpg, 0, 1, 0, 1, 0, 0, 0, 0
yacht_53_jpg.rf.d87a68f60a428334ac3f7e50d7406191.jpg, 0, 0, 0, 0, 1, 0, 0, 1
sub_94_jpg.rf.dcf008ffd58da12098e2c4ba148314a1.jpg, 0, 0, 0, 0, 1, 1, 0, 1
patrol_4_jpg.rf.dc34f4e8d391f6d7d8b6fd359b0180b9.jpg, 0, 1, 1, 1, 0, 0, 1, 0
yacht_64_jpg.rf.d63c8652cb5c9242d2b715dda8b78539.jpg, 0, 0, 0, 0, 1, 1, 0, 1
patrol_36_jpg.rf.d6b3316531da053515ba584e6d83b3dd.jpg, 1, 0, 0, 1, 0, 0, 0, 0
yacht_64_jpg.rf.d12dcee08f1266c454b24ec0684d656d.jpg, 0, 0, 0, 0, 1, 1, 0, 1
patrol_35_jpg.rf.dafaeed636ce0835fd998a8e961c0728.jpg, 1, 1, 0, 1, 0, 0, 0, 0
yacht_81_jpg.rf.db41be9423188846fbc0ad9def1072fa.jpg, 0, 0, 0, 0, 1, 1, 1, 1
military_24_jpg.rf.da3b659af8518017d304bf15ebee32a4.jpg, 1, 1, 1, 0, 0, 0, 0, 0
sub_42_jpg.rf.d63cb2f0c22b6f3ef4c75b84219d2172.jpg, 0, 1, 0, 1, 1, 1, 0, 0
military_95_jpg.rf.dcd37783a6c067647a810ccbcb7e498b.jpg, 1, 1, 1, 0, 0, 0, 0, 0
military_58_jpg.rf.d765f6bbe57dc59a35a99d5a1581d324.jpg, 0, 1, 1, 0, 0, 0, 0, 0
merch_45_jpg.rf.da844561eb0afbfab992d6d0cfdbc4cf.jpg, 1, 1, 0, 0, 0, 0, 0, 0
patrol_18_jpg.rf.d8e5646a0474a4c95b1c7f2713cff8b5.jpg, 1, 1, 1, 1, 0, 0, 0, 0
fish_84_jpg.rf.d285368be87be86d1a43811a3274e3b8.jpg, 1, 1, 0, 0, 0, 0, 0, 0
patrol_45_jpg.rf.de47f43350f3ac021d725029952c2a05.jpg, 1, 0, 1, 1, 1, 0, 1, 0
military_98_jpg.rf.dd5e4143b47772f7acf71d35f965b592.jpg, 0, 1, 1, 0, 0, 0, 0, 0
yacht_96_jpg.rf.deb9feeb08b3c5f348a1a429ceba9dac.jpg, 0, 1, 0, 0, 1, 1, 0, 1
merch_99_jpg.rf.df240a082d6670b8da58e84b8833f596.jpg, 0, 1, 1, 0, 0, 0, 0, 0
yacht_30_jpg.rf.ddf4319d080b82eb5e6b368c34513bdd.jpg, 0, 0, 0, 0, 1, 0, 0, 1
military_93_jpg.rf.de2c9658ff8fa6d00132a2ecba722712.jpg, 1, 1, 1, 0, 0, 0, 0, 0
patrol_37_jpg.rf.de4f244369c9636accc709fac8a167ec.jpg, 1, 1, 1, 1, 0, 0, 0, 0
patrol_27_jpg.rf.e2266ab8e84147bd9fbeb9497d36eae9.jpg, 1, 0, 1, 1, 1, 0, 0, 0
sub_78_jpg.rf.e010b3409856c11cf24ba24b87ddcca7.jpg, 0, 0, 0, 0, 1, 1, 0, 0
yacht_27_jpg.rf.e3bc604ed6150edd1d4b5516b555447d.jpg, 0, 0, 0, 0, 1, 1, 0, 1
military_4_jpg.rf.e2d8a9a1f5441b4915ca7999c9a5b576.jpg, 1, 1, 1, 0, 0, 0, 0, 0
military_8_jpg.rf.e4ffb0c057f90f2468b820330ffc4ffa.jpg, 1, 0, 1, 0, 0, 0, 0, 0
sub_73_jpg.rf.e0cae7938fd82080a17d597ff134cb9f.jpg, 0, 0, 0, 1, 1, 1, 0, 0
sails_33_jpg.rf.e04c9fbbf995ff26ae77d1bbba7e88a5.jpg, 0, 0, 0, 0, 1, 0, 0, 0
merch_48_jpg.rf.e49c7d0361f4eb55b06ca42540bb5348.jpg, 1, 1, 0, 0, 0, 0, 0, 0
yacht_94_jpg.rf.e21f8f318fc22d04eca8b771d6552c9e.jpg, 0, 0, 0, 0, 1, 1, 0, 1
yacht_79_jpg.rf.df6124545e55292f3ed06c8744b7dbd5.jpg, 0, 0, 0, 1, 1, 1, 0, 1
yacht_72_jpg.rf.e0b74df30df70b4170dfeccc14a948a8.jpg, 0, 1, 0, 1, 1, 1, 0, 1
yacht_98_jpg.rf.deb88692f47cd3161df766f380e26778.jpg, 0, 0, 0, 0, 1, 0, 0, 1
yacht_93_jpg.rf.e31f1a6f55895fcdc4d05de389055146.jpg, 0, 0, 1, 0, 1, 1, 0, 1
patrol_20_jpg.rf.e64df57bf3b9833d166e73e2c55582dd.jpg, 1, 1, 0, 1, 0, 0, 0, 0
patrol_100_jpg.rf.e514f26a019fa2293fd3f5f807cec75a.jpg, 1, 1, 1, 1, 0, 0, 0, 0
patrol_83_jpg.rf.e87603dba26105c886a8bf2c167c601e.jpg, 0, 0, 0, 1, 1, 0, 0, 0
patrol_40_jpg.rf.ebcbd126af98bdd8f82696f0166f4309.jpg, 1, 0, 1, 1, 0, 0, 0, 0
patrol_51_jpg.rf.e8e09f4ea190bc66fe1d4743af3e3323.jpg, 1, 1, 0, 1, 0, 0, 0, 0
sub_19_jpg.rf.ea7e669125c34f9e711d858aeecf13aa.jpg, 0, 0, 0, 1, 1, 1, 0, 0
military_38_jpg.rf.e90caa90ce244b2ac42aac34cacf8d94.jpg, 1, 0, 1, 1, 0, 0, 0, 0
merch_77_jpg.rf.ebccd75a760a863f2b0b0656482d3789.jpg, 1, 1, 0, 0, 0, 0, 0, 0
military_59_jpg.rf.e80cbbde98719aab14bf5eb7a52c9192.jpg, 1, 1, 1, 0, 0, 0, 0, 0
yacht_28_jpg.rf.ee919520df853d082737232961035e3a.jpg, 0, 0, 0, 0, 1, 1, 0, 1
patrol_37_jpg.rf.ed83ed97083ca495ac8e01f5d5b974e1.jpg, 1, 0, 1, 1, 0, 0, 0, 0
yacht_83_jpg.rf.eeaf9a5f2a80dae4ae2c1187ec4cfa6d.jpg, 0, 0, 0, 0, 1, 1, 0, 1
military_71_jpg.rf.efe972db14bfb2cd3d090bb737deba0e.jpg, 0, 1, 1, 0, 0, 0, 1, 0
yacht_6_jpg.rf.edaf100ed38444c18cf8738870a49165.jpg, 0, 0, 0, 0, 0, 1, 0, 1
sails_79_jpg.rf.ec15e189f35777605948ca1a8e62b6e6.jpg, 0, 0, 0, 1, 1, 0, 0, 0
merch_92_jpg.rf.eec854c06e7c99c1f1c58e377d569040.jpg, 1, 1, 1, 0, 0, 0, 0, 0
yacht_89_jpg.rf.f11179112983937b565f3d6c00fb6b3d.jpg, 0, 0, 0, 1, 0, 1, 0, 1
yacht_16_jpg.rf.f15449d01d5145f6b86f5aa64dbdd2e1.jpg, 0, 0, 0, 0, 1, 1, 0, 1
military_49_jpg.rf.eff17d2e1f12917523f21dda06608f6d.jpg, 1, 1, 1, 1, 0, 0, 1, 0
patrol_22_jpg.rf.efa99eb0cd1fbf59715a5346c7455b56.jpg, 1, 0, 1, 1, 1, 0, 0, 0
patrol_33_jpg.rf.f11cda267f40d6aecee499dd4c78f58b.jpg, 0, 1, 0, 1, 0, 0, 0, 0
patrol_32_jpg.rf.edea09ec40f97c9dc918f1663573a080.jpg, 1, 0, 1, 1, 0, 0, 0, 0
sub_93_jpg.rf.f2732c714545710e4c40cf80d7c22c3e.jpg, 0, 0, 0, 1, 1, 1, 0, 0
yacht_38_jpg.rf.f314a95143c53ecef37f7ea1a160543b.jpg, 0, 0, 0, 0, 1, 1, 0, 1
patrol_21_jpg.rf.f1c38eacca8e58c2b1cd24cae75e135a.jpg, 1, 1, 1, 1, 0, 0, 0, 0
military_53_jpg.rf.f3085c76cb562adf550e1bb8b6edea49.jpg, 1, 0, 0, 1, 0, 0, 0, 1
yacht_36_jpg.rf.f1a4aeb7cd191fdf517a649d2587cbcb.jpg, 0, 0, 0, 1, 0, 1, 0, 1
yacht_54_jpg.rf.f1851086329e02d6fc518acd97eecb59.jpg, 0, 0, 0, 1, 1, 0, 0, 1
military_60_jpg.rf.f394ee8bc89e4b90e6ec57aa16d40dfe.jpg, 1, 1, 1, 0, 0, 0, 0, 0
yacht_62_jpg.rf.f26bb77e10378aee0b4a5186e17ba49d.jpg, 0, 0, 0, 1, 1, 1, 0, 1
sub_89_jpg.rf.f3b732da3b7ddd199ff91e302ab518c2.jpg, 0, 0, 0, 0, 1, 1, 0, 0
yacht_61_jpg.rf.f411a92f8b26ad71d4c2c7b08c04aa7c.jpg, 0, 0, 0, 1, 1, 0, 0, 1
military_53_jpg.rf.f52e5b7f3a92477382673d34356253bf.jpg, 1, 1, 1, 0, 0, 0, 0, 0
military_26_jpg.rf.f3ed03aa4401dfbe8ad9540c273e9bed.jpg, 1, 1, 1, 0, 0, 0, 0, 0
military_91_jpg.rf.f639eca7da6efbed40d4f187042e67f7.jpg, 1, 1, 1, 0, 0, 0, 1, 0
yacht_36_jpg.rf.f7e870adfe1e89a555925a2304b28241.jpg, 0, 0, 0, 1, 0, 1, 0, 1
yacht_18_jpg.rf.f8e23485200f3333dfc513fe2a30e87d.jpg, 0, 0, 0, 0, 1, 1, 0, 1
sub_91_jpg.rf.f8961b14284a5a5349a1e727a210af10.jpg, 0, 0, 0, 1, 1, 1, 0, 0
yacht_34_jpg.rf.fbb357cf6751a3a85cbcf3c384a5e234.jpg, 0, 0, 0, 1, 1, 0, 0, 1
patrol_67_jpg.rf.f3cab5aa51aa7b3eeb9f641ea07d074e.jpg, 0, 0, 0, 1, 1, 0, 0, 0
yacht_90_jpg.rf.fa3050edd541a265ab3c706ab614f201.jpg, 0, 0, 0, 0, 1, 1, 0, 1
yacht_88_jpg.rf.fa70fae7ba4ef5e72f713d08f4b9ffa3.jpg, 0, 0, 0, 1, 1, 1, 0, 1
military_56_jpg.rf.fa2eb81cc11909c38869965e5e674895.jpg, 1, 1, 1, 0, 0, 0, 0, 0
patrol_27_jpg.rf.faf6ef2dd7ce44e204903d4270ff63e3.jpg, 1, 1, 0, 1, 1, 0, 0, 0
sub_64_jpg.rf.fe2747112f2bf4cac5a69144aef087b2.jpg, 0, 1, 0, 0, 1, 1, 0, 0
sub_16_jpg.rf.fe2e9e29b2b2cb929f264971f3f5c3f3.jpg, 0, 0, 0, 0, 1, 1, 0, 0
yacht_72_jpg.rf.fa382cfb3a470d8653107d21ea2e5720.jpg, 0, 0, 0, 0, 1, 0, 0, 1
yacht_80_jpg.rf.fc4ae45916536e6d44c695a710e79db2.jpg, 0, 0, 0, 1, 0, 0, 0, 1
patrol_25_jpg.rf.fdf14a9d5a63225977b9d95e33838bee.jpg, 1, 0, 1, 1, 1, 0, 0, 0
military_92_jpg.rf.fdf5894dce5eec4b7448289751465e25.jpg, 0, 0, 1, 1, 0, 0, 1, 0
military_58_jpg.rf.fbc28c4dbf62cdf55d3e47f2cc8e0eec.jpg, 1, 1, 1, 0, 0, 0, 0, 0
patrol_32_jpg.rf.fdb580470e9e547cbc15e4f7ddf499c6.jpg, 1, 1, 0, 1, 0, 0, 0, 0
yacht_58_jpg.rf.00b673e8b131e5cc3858a0ef272aa17b.jpg, 0, 0, 0, 1, 0, 1, 0, 1
military_97_jpg.rf.003198fd5025785a8129302d8d9d54c1.jpg, 1, 1, 1, 0, 0, 0, 0, 0
patrol_27_jpg.rf.02720974605e7ff45b4c1f8a4f94f0fc.jpg, 0, 1, 1, 1, 1, 0, 0, 0
sub_45_jpg.rf.0388e7a9afef3daf04e682abdfd2ffb9.jpg, 0, 1, 0, 1, 0, 1, 0, 0
military_7_jpg.rf.01f97425dfd329b2f9566223b9f2f2bc.jpg, 0, 1, 1, 1, 0, 0, 1, 0
yacht_15_jpg.rf.025211d4ffd89d094736925c41e3bf4d.jpg, 0, 0, 0, 1, 1, 0, 0, 1
patrol_41_jpg.rf.04934d7e1ba2ef08ebe668aa0d1ea310.jpg, 1, 1, 1, 1, 0, 0, 0, 0
merch_70_jpg.rf.03828f570645214aac44acd2cdcc9362.jpg, 1, 1, 0, 0, 0, 0, 0, 0
merch_75_jpg.rf.044c6aecab50a26c19796ed67c6755f3.jpg, 1, 1, 0, 0, 0, 0, 0, 0
yacht_64_jpg.rf.01fc4182996725ef5745fe41136ab192.jpg, 0, 0, 0, 0, 1, 1, 0, 1
military_36_jpg.rf.027a5b2f6ea7bfad94c48e134b9a998e.jpg, 1, 0, 1, 0, 0, 0, 0, 0
yacht_91_jpg.rf.05444ea266e0f02c1edeffe2e6048325.jpg, 0, 0, 0, 0, 1, 0, 0, 1
yacht_4_jpg.rf.04b768b83acf247627251fccc770350d.jpg, 0, 0, 0, 0, 1, 0, 0, 1
military_62_jpg.rf.065db563601f8f9af6482b60a2d22d78.jpg, 0, 1, 1, 0, 0, 0, 0, 0
yacht_68_jpg.rf.04a78aefd7790fe5cd7b20c50fa69cda.jpg, 0, 0, 0, 0, 0, 1, 0, 1
sub_30_jpg.rf.047d21d5dc1b36519dff56d5d869f635.jpg, 0, 0, 0, 1, 0, 1, 0, 1
military_83_jpg.rf.0820fa18a09c2b9e777a7c8f4245cb5f.jpg, 0, 0, 1, 1, 0, 0, 0, 0
military_40_jpg.rf.07f97b8f43ec6d4289dd1520e0d4e67c.jpg, 1, 1, 1, 0, 0, 0, 0, 0
yacht_27_jpg.rf.0807edfcce3d713f9caa9ca0c785d03c.jpg, 0, 0, 0, 0, 1, 1, 0, 1
yacht_77_jpg.rf.0710110048772df1891f03b482e0f925.jpg, 0, 0, 0, 0, 1, 1, 0, 1
fish_66_jpg.rf.09accb4cf8ba4ed1d1b9c472cda60aba.jpg, 1, 1, 0, 0, 0, 0, 0, 0
yacht_57_jpg.rf.05019e5cd905015175dad0c71919f30b.jpg, 0, 0, 0, 1, 0, 1, 0, 1
patrol_24_jpg.rf.06fa0d20433f53f7ed5195632e3be3fb.jpg, 0, 1, 1, 1, 1, 0, 0, 0
yacht_41_jpg.rf.09bbecad6a45f9154ddb7214674d7e2c.jpg, 0, 0, 0, 1, 1, 1, 0, 1
military_50_jpg.rf.0943a77d6d943a81aae5f5db9c92d343.jpg, 1, 1, 1, 0, 0, 0, 0, 0
patrol_1_jpg.rf.0db37808fd17bb51b3d13c43987a7c81.jpg, 1, 0, 1, 1, 0, 0, 1, 0
military_88_jpg.rf.089c99b316ed15d4078bc8095d3a6b6b.jpg, 1, 1, 1, 0, 0, 0, 0, 0
military_84_jpg.rf.0ef0f46d80d94b42f32e7cade5eaca9b.jpg, 1, 0, 1, 1, 0, 0, 0, 0
military_9_jpg.rf.0b8aff295f7df0b56788ea649badf68f.jpg, 1, 0, 1, 1, 0, 0, 0, 0
military_78_jpg.rf.0c6087a63f2ea126a98ade3132ce9227.jpg, 0, 1, 1, 1, 0, 0, 0, 0
military_47_jpg.rf.0bcee6930b29cd1f79ae526c3ad78816.jpg, 1, 1, 1, 1, 0, 0, 0, 0
patrol_10_jpg.rf.0ed7ea266a3fd01c71bd7fb519fb23ee.jpg, 0, 1, 1, 1, 0, 0, 0, 0
patrol_5_jpg.rf.0f7c3ad2cbe249d90be9cb90543d2cad.jpg, 0, 1, 0, 1, 0, 0, 0, 0
yacht_58_jpg.rf.0fb8ab19168af45ed0c45c1f4eef3c52.jpg, 0, 0, 0, 0, 1, 1, 0, 1
yacht_44_jpg.rf.149d52abb6536c240e1fe350758df7ff.jpg, 0, 0, 0, 1, 1, 0, 0, 1
military_42_jpg.rf.0f8e277a0afa1db2e0b50cea0b3d8328.jpg, 1, 1, 1, 0, 0, 0, 1, 0
patrol_44_jpg.rf.0f9018f4a53d9d98736686600eaa3d8b.jpg, 0, 1, 1, 1, 0, 0, 0, 0
yacht_22_jpg.rf.138872f4683eb55693da313b9203cc08.jpg, 0, 0, 0, 0, 1, 0, 0, 1
yacht_22_jpg.rf.0fff78ec00e1f452a7cbe105a3267248.jpg, 0, 0, 0, 1, 1, 0, 0, 1
sails_56_jpg.rf.152136e8897cdbc4ecf2c0aa2174b15f.jpg, 0, 0, 0, 1, 1, 0, 0, 0
yacht_15_jpg.rf.10d817bff6ed912d45d8211ab6ccf284.jpg, 0, 0, 0, 1, 0, 1, 0, 1
yacht_94_jpg.rf.170bb289e18abb061b50a33de28d23b4.jpg, 0, 0, 0, 1, 0, 1, 0, 1
patrol_13_jpg.rf.10902b1d586a6949436b6b2980fbe21d.jpg, 0, 1, 1, 1, 0, 0, 0, 0
yacht_38_jpg.rf.1417046b4a82b6ff69141ec8bf01a856.jpg, 0, 0, 0, 0, 1, 1, 0, 1
sub_95_jpg.rf.16bf3678fa8dad264f04942ceb5a2817.jpg, 0, 1, 0, 1, 0, 1, 0, 0
military_67_jpg.rf.16263fdd6d4b3b84ef4f883d5bcce358.jpg, 1, 1, 1, 0, 0, 0, 1, 0
military_68_jpg.rf.0fbc70c74af4f8fe3c84b9579df26443.jpg, 1, 0, 1, 0, 0, 0, 0, 0
sub_64_jpg.rf.1711e94bcd7133490ca22ea4b695602b.jpg, 0, 1, 0, 1, 1, 1, 0, 0
fish_68_jpg.rf.14091b46409d47a4492ebe18f1717829.jpg, 1, 1, 0, 0, 0, 0, 0, 0
yacht_70_jpg.rf.10373cd8fcdf72f569b0e6bb0e3dccab.jpg, 0, 1, 0, 0, 0, 1, 0, 1
merch_99_jpg.rf.177d7353d6e333ee002c400b0c1ef0e9.jpg, 0, 1, 1, 0, 0, 0, 0, 0
yacht_68_jpg.rf.1737caa8cff0541fe716adc86215ceda.jpg, 0, 0, 0, 0, 0, 1, 0, 1
patrol_37_jpg.rf.1851461445180ae8366f134570bad227.jpg, 1, 1, 1, 1, 0, 0, 1, 0
yacht_59_jpg.rf.1a2edf5f703b5709303e7fb54cef05b2.jpg, 0, 0, 0, 1, 0, 1, 0, 1
yacht_7_jpg.rf.1b4f5343d2ec7a85062678cce0e03326.jpg, 0, 0, 0, 1, 0, 1, 0, 1
military_9_jpg.rf.1c16d6b50a641246823990d0fd86ebfd.jpg, 1, 0, 1, 1, 0, 0, 0, 0
military_63_jpg.rf.1647463723df13bf4697400793d07ed9.jpg, 1, 0, 1, 0, 0, 0, 0, 0
military_73_jpg.rf.1b9f8f41692d1a343a4265373f1803bb.jpg, 1, 1, 1, 0, 0, 0, 0, 0
yacht_76_jpg.rf.18bd60507c0f5f70c86af4491b7485c3.jpg, 0, 0, 0, 0, 1, 1, 0, 1
military_3_jpg.rf.1b6931bcb52b9f37e314e1f466011fd3.jpg, 1, 1, 1, 0, 0, 0, 0, 0
military_100_jpg.rf.1bc6b8010d2e882d4e2f048df80e70b9.jpg, 0, 1, 1, 0, 0, 0, 0, 0
yacht_90_jpg.rf.1ddf2c9e9031af12f4458692b2cfcdbb.jpg, 0, 0, 0, 0, 0, 1, 0, 1
yacht_93_jpg.rf.1ca7039cad6aa431d338163d621a0ecf.jpg, 0, 0, 0, 0, 1, 0, 0, 1
patrol_23_jpg.rf.1b5dfc9635962cead191371541821747.jpg, 1, 1, 1, 1, 0, 0, 0, 0
sub_13_jpg.rf.20f4d7e3c6700844c571f9ce921af215.jpg, 0, 0, 0, 1, 1, 1, 0, 0
merch_54_jpg.rf.21500d27e5debd9c26fd4250d5fe8a11.jpg, 0, 1, 0, 0, 0, 0, 0, 0
sails_42_jpg.rf.218d90e256e359915628e410a03ddd7b.jpg, 0, 0, 0, 1, 1, 0, 0, 0
yacht_27_jpg.rf.1d8e7adfda0e4d72001cee8917fe2f4c.jpg, 0, 0, 0, 0, 1, 0, 0, 1
yacht_86_jpg.rf.1dd6f8b0f40ba8b5064ef6201ba2ba2c.jpg, 0, 0, 0, 0, 1, 0, 0, 1
sub_62_jpg.rf.20b560f8513277802ee7722a279e4bb2.jpg, 0, 0, 0, 1, 0, 1, 0, 0
merch_48_jpg.rf.1dd247a818f52ad37266ab1390facdcf.jpg, 0, 1, 1, 0, 0, 0, 0, 0
yacht_34_jpg.rf.23ac82f6c547ecd9fbf14f2ac86bb0ad.jpg, 0, 0, 0, 0, 1, 1, 0, 1
yacht_51_jpg.rf.1f8f6ce40b02b3a5d3010921332cd3ca.jpg, 0, 0, 0, 0, 1, 1, 0, 1
military_97_jpg.rf.1f3b75680e2cf982d642ea6e652ccc63.jpg, 0, 0, 1, 1, 0, 0, 0, 0
military_84_jpg.rf.225c12854a86504e6f9347c7a633ea11.jpg, 1, 1, 1, 1, 0, 0, 0, 0
sub_61_jpg.rf.23b0bb1e7ed9241af367174cd46c7906.jpg, 0, 0, 0, 1, 1, 1, 0, 0
merch_41_jpg.rf.223dbd557f75b90ab65a389d9664946d.jpg, 1, 1, 0, 0, 0, 0, 1, 0
yacht_20_jpg.rf.218b7987d237ce52f72c5c5bfefcbe66.jpg, 0, 0, 0, 0, 1, 0, 0, 1
military_32_jpg.rf.266d743cd3c199223afba4c8cc99524c.jpg, 0, 1, 1, 0, 0, 0, 1, 0
patrol_20_jpg.rf.2465c0c82dd2c238e943c1889a0ad686.jpg, 0, 1, 0, 1, 0, 0, 0, 0
patrol_51_jpg.rf.21dd2ea82642a5fd3c95cdb11187f0f7.jpg, 1, 0, 0, 1, 0, 0, 0, 0
yacht_48_jpg.rf.25e7ed9941d13bfff990b58491653d34.jpg, 0, 0, 0, 0, 1, 0, 0, 1
military_38_jpg.rf.25364c58c5da76f3b6a04216b4bc756a.jpg, 1, 1, 1, 0, 0, 0, 0, 0
military_96_jpg.rf.29e05a42f0e59e212c3f2ece838afbf6.jpg, 1, 1, 1, 0, 0, 0, 0, 0
sub_35_jpg.rf.2368061b04b57cbcabb8d157ec7db026.jpg, 0, 0, 0, 1, 0, 1, 0, 0
yacht_76_jpg.rf.29e68861f299483c0baa08211f3be93c.jpg, 0, 0, 0, 1, 1, 0, 0, 1
yacht_51_jpg.rf.30b35bcd4295ace2ca35d381dccf9aa2.jpg, 0, 0, 0, 0, 1, 0, 0, 1
merch_95_jpg.rf.2eb24b97274a07c27769b8c38994ec45.jpg, 0, 1, 1, 0, 0, 0, 0, 0
military_20_jpg.rf.2b6fab5a307467c8cda3ecac218a6137.jpg, 1, 1, 1, 0, 0, 0, 0, 0
yacht_48_jpg.rf.2f69f97ca3ec7af9bd3477cbab9e6c97.jpg, 0, 0, 0, 1, 1, 0, 0, 1
merch_88_jpg.rf.2abdfe662d5233178d7aebb3846da677.jpg, 1, 1, 1, 0, 0, 0, 1, 0
yacht_69_jpg.rf.30eafbfc75577eb6b35a9bf108b9fdf8.jpg, 0, 0, 0, 1, 1, 1, 0, 1
yacht_79_jpg.rf.3066c480f337dcb9427ebae5e55155c2.jpg, 0, 0, 0, 0, 1, 0, 0, 1
yacht_91_jpg.rf.28dd853a91ca7b281b35fb67f92a0206.jpg, 0, 0, 0, 0, 1, 0, 0, 1
sub_39_jpg.rf.28d8cf91e76b58bf1bd63ce48ec4ce4d.jpg, 0, 1, 0, 0, 1, 1, 0, 0
patrol_5_jpg.rf.2d3230f3b30b78e8f4d5d9d1fdd1443e.jpg, 0, 1, 0, 1, 0, 0, 1, 0
yacht_26_jpg.rf.29b4127afc3ca3acb239b3a9a72a5387.jpg, 0, 0, 0, 1, 1, 0, 0, 1
military_90_jpg.rf.328df42e968b6e00588e8a98f4961d1c.jpg, 0, 1, 1, 0, 0, 0, 0, 0
sub_95_jpg.rf.32f4fba667fc22a590beb2c3cac5da7e.jpg, 0, 0, 0, 1, 1, 1, 0, 0
military_8_jpg.rf.3516a7864070b58a05511cf6df3fad76.jpg, 1, 1, 1, 1, 0, 0, 0, 0
merch_62_jpg.rf.3136b50cabf8610864c33d8778ea88d2.jpg, 1, 1, 0, 0, 0, 0, 0, 0
yacht_19_jpg.rf.33fa55ecfe4776261b24c17219addf45.jpg, 0, 0, 0, 1, 0, 1, 0, 1
patrol_38_jpg.rf.31a69bedbc72235cb2b19c9dc22107db.jpg, 0, 1, 1, 1, 0, 0, 0, 0
military_80_jpg.rf.2f6bc276b54b1146e22cdd67f078b6b0.jpg, 0, 1, 1, 0, 0, 0, 0, 0
merch_51_jpg.rf.358b98f064fec6e240c3053efe8e5d44.jpg, 1, 1, 1, 0, 0, 0, 0, 0
yacht_71_jpg.rf.36ca1bf74be16e1bdd4fd6078d53ba3a.jpg, 0, 0, 0, 1, 0, 1, 0, 1
yacht_69_jpg.rf.34abdadb3b6209ae8554af67ff9a8635.jpg, 0, 0, 0, 1, 1, 0, 0, 1
military_87_jpg.rf.36de9f7a762d268ebf36abf9e9eb5419.jpg, 1, 1, 1, 0, 0, 0, 0, 0
yacht_70_jpg.rf.2b70f445e03697f227e03ce63e072a8b.jpg, 0, 0, 0, 1, 1, 0, 0, 1
yacht_53_jpg.rf.32f0f2feef54e3a6eb83ce784e209255.jpg, 0, 0, 0, 0, 1, 1, 0, 1
military_95_jpg.rf.373620d130b96528ec5493c273726017.jpg, 1, 1, 1, 0, 0, 0, 0, 0
military_55_jpg.rf.36e3c6bf9abda38a89363c7c61db5f4d.jpg, 1, 1, 1, 0, 0, 0, 0, 0
military_73_jpg.rf.29829a3cc76d36f1c1e37751e8523bcb.jpg, 0, 1, 1, 0, 0, 0, 0, 0
yacht_6_jpg.rf.377f62acac350fbbfe16bb2b68037ada.jpg, 0, 0, 0, 1, 1, 1, 0, 1
yacht_4_jpg.rf.3759b1fdc346b1275ecc805616b5ccc3.jpg, 0, 0, 0, 0, 0, 1, 1, 1
patrol_48_jpg.rf.3993a6f810c43c24a5b4870986fbf281.jpg, 1, 0, 1, 1, 0, 0, 1, 0
military_85_jpg.rf.38f222699e308c3fa31196da393b1873.jpg, 1, 0, 1, 0, 0, 0, 0, 0
sails_5_jpg.rf.37b7092f114d9d6ddcce482dcac4d836.jpg, 0, 0, 0, 1, 1, 0, 0, 0
patrol_21_jpg.rf.37eb67ad460b543342c63cdf6fc6b0cf.jpg, 1, 0, 1, 1, 0, 0, 0, 0
yacht_21_jpg.rf.3ad885b07ae1faa7bc8921b369a1976f.jpg, 0, 0, 0, 1, 1, 1, 0, 1
military_99_jpg.rf.3b336e6de1cae2246f65a562df2d5a8c.jpg, 1, 0, 1, 0, 0, 0, 0, 0
patrol_47_jpg.rf.388289a2129f14c5d812c4560050e15f.jpg, 1, 1, 0, 1, 0, 0, 0, 0
patrol_45_jpg.rf.3a7794115e4542a891d8411492c73e15.jpg, 1, 1, 0, 1, 0, 0, 1, 0
military_85_jpg.rf.3e5d8c6d24e0e9656f6c00aee5c0f6e3.jpg, 0, 0, 1, 1, 0, 0, 0, 0
patrol_63_jpg.rf.3b4b6b2113e62b23bf5705b1d1ffa127.jpg, 0, 0, 0, 1, 1, 0, 0, 0
yacht_41_jpg.rf.3c29804d7cdece2e5f58da49a6529e91.jpg, 0, 0, 0, 1, 1, 0, 0, 1
military_89_jpg.rf.3c53c535c07d8e4174ddf098c718478d.jpg, 1, 1, 1, 0, 0, 0, 1, 0
patrol_22_jpg.rf.3e75eb24bbd5e5d8163de05909ad8d1b.jpg, 1, 1, 0, 1, 1, 0, 0, 0
patrol_5_jpg.rf.3fd42ce28d0b1a5511446e37ccd9900f.jpg, 1, 1, 0, 1, 0, 0, 0, 0
patrol_52_jpg.rf.3e7ef05f920364403e110e6a0f3be49a.jpg, 1, 0, 1, 1, 0, 0, 0, 0
patrol_13_jpg.rf.3f0775c428189eaeff63e4acf8b1c6e1.jpg, 1, 1, 0, 1, 0, 0, 0, 1
sails_20_jpg.rf.3e89a9e4fc156b3f56a01dac8c8799d2.jpg, 0, 0, 0, 0, 1, 0, 0, 0
military_78_jpg.rf.3cc2bc32829040d50b9927fb8d1a2ad0.jpg, 1, 0, 1, 0, 0, 0, 0, 0
yacht_11_jpg.rf.4051b95aa3bcf515c280232900784ae4.jpg, 0, 0, 0, 0, 1, 0, 0, 1
yacht_8_jpg.rf.41ead9dd248092de3faa0c4024e54c17.jpg, 0, 0, 0, 1, 1, 1, 0, 1
sub_61_jpg.rf.3f87f851df52ed77c2725c032fba3fba.jpg, 0, 0, 0, 1, 0, 1, 0, 0
military_96_jpg.rf.418d115c13ec2c7ba8b6fb7df696ffdb.jpg, 1, 1, 1, 0, 0, 0, 0, 0
yacht_80_jpg.rf.4235bd9263a87e0b605aa42949d1610f.jpg, 0, 0, 0, 0, 1, 0, 0, 1
military_68_jpg.rf.40a80088e8b14d21ee5cf3a17ec22611.jpg, 1, 0, 1, 0, 0, 0, 0, 0
sub_94_jpg.rf.4242719037d7b634ef8ee0d5216b9644.jpg, 0, 0, 0, 0, 1, 1, 0, 0
military_80_jpg.rf.43323c6f6cfbf7ba6e4861cc2d005512.jpg, 0, 0, 1, 0, 0, 0, 0, 0
military_54_jpg.rf.450421ef8878da13ac344f13dd3dc9da.jpg, 0, 1, 1, 0, 0, 0, 0, 0
military_37_jpg.rf.45990444fd66d7b2dc2e8dd72f594103.jpg, 1, 1, 1, 0, 0, 0, 1, 0
military_79_jpg.rf.43adb32d824bddaf9fe4d376227e586c.jpg, 1, 1, 1, 0, 0, 0, 0, 0
military_87_jpg.rf.42f75a75f6a5dc0560b5e5593e63c741.jpg, 1, 0, 1, 0, 0, 0, 0, 0
fish_51_jpg.rf.46840b82dc80129006d1f247f47c60fd.jpg, 1, 1, 0, 0, 0, 0, 0, 0
merch_6_jpg.rf.42c5766e09a74264d814f70428802223.jpg, 1, 1, 0, 0, 0, 0, 0, 0
yacht_95_jpg.rf.4683a62fbe3c98781b3af56445328f27.jpg, 0, 0, 0, 0, 1, 1, 1, 1
military_65_jpg.rf.46140ba0386bc954b50f93dbe7997c2f.jpg, 0, 1, 1, 0, 0, 0, 0, 0
yacht_2_jpg.rf.479f6d8bb9b3f27487dad423d36a05b9.jpg, 0, 0, 0, 0, 1, 0, 0, 1
military_82_jpg.rf.3adc89a9da94014d38c061be8fea2f6d.jpg, 0, 1, 1, 1, 0, 0, 0, 0
yacht_16_jpg.rf.47a7e3ba1f7e43ed8c6759df618a785b.jpg, 0, 0, 0, 0, 0, 1, 0, 1
military_99_jpg.rf.48ba64a9454911303882f7efcba79755.jpg, 1, 1, 1, 0, 0, 0, 0, 0
yacht_65_jpg.rf.485dbe21e15fb1099a9243201b3a8e1a.jpg, 0, 0, 0, 0, 1, 1, 0, 1
yacht_87_jpg.rf.48707f3b33fd122ede5ac5262e627903.jpg, 0, 0, 0, 1, 1, 1, 0, 1
yacht_1_jpg.rf.48316400961dd60d096d2cf0bc680dae.jpg, 0, 0, 0, 1, 0, 1, 0, 1
yacht_80_jpg.rf.4a6d1ee6beb2fc3c834074a312902ebc.jpg, 0, 0, 0, 0, 0, 1, 0, 1
yacht_45_jpg.rf.4a3b8a469b9b465ba4a32eac3825cbc1.jpg, 0, 0, 0, 1, 0, 1, 0, 1
military_45_jpg.rf.4a15d87ef247fda26eee1abf452ede99.jpg, 1, 1, 1, 0, 0, 0, 0, 0
sub_90_jpg.rf.4cf6a43cf5e57a88da18f45caa9b2215.jpg, 0, 0, 0, 1, 1, 1, 0, 0
yacht_50_jpg.rf.4ee591cb6b454b09d82fa36c6e4e57a8.jpg, 0, 0, 0, 1, 0, 0, 0, 1
patrol_72_jpg.rf.4ab06c83bd7597475dd775cfce02eaa3.jpg, 0, 0, 0, 1, 1, 0, 0, 0
merch_84_jpg.rf.4d9e1dd1275bf3c65e4588c96542e3d8.jpg, 1, 1, 0, 0, 0, 0, 0, 0
yacht_68_jpg.rf.4cb29d5d144669a9c1d82f52a7fe9ade.jpg, 0, 0, 0, 1, 0, 1, 0, 1
sails_90_jpg.rf.4f2e82b3b66cb3ccd5dc917f26b28ff3.jpg, 0, 0, 0, 1, 1, 0, 0, 0
yacht_69_jpg.rf.4c9b7402f262b271589d71a345d14b01.jpg, 0, 1, 0, 0, 0, 1, 0, 1
patrol_44_jpg.rf.4f96fa6038a8d22b2ad71d804c167aaf.jpg, 0, 0, 1, 1, 0, 0, 0, 0
patrol_75_jpg.rf.4ee6328f1cb12b78d1ad36f69c1972da.jpg, 0, 0, 0, 1, 1, 0, 0, 0
sub_14_jpg.rf.50091a30d41f0d9029cb96622b908583.jpg, 0, 0, 0, 0, 1, 1, 0, 0
patrol_30_jpg.rf.4d421f4cefc4aec4fc46eec01618aa29.jpg, 0, 0, 1, 1, 0, 0, 0, 0
sails_35_jpg.rf.4d2a67405f18c4ef3bd80a2c10669924.jpg, 0, 0, 0, 1, 1, 0, 0, 0
military_88_jpg.rf.48d50d11f566db0c444746575cc6db40.jpg, 1, 1, 1, 0, 0, 0, 0, 0
patrol_23_jpg.rf.5149927427fd27c113f94771b204f8a5.jpg, 1, 0, 1, 1, 0, 0, 0, 0
yacht_65_jpg.rf.52622dd773bd008cadfa6f1c01494a41.jpg, 0, 0, 0, 0, 0, 1, 0, 1
merch_60_jpg.rf.51b973f7ceb4f3a969229eedb6d3d077.jpg, 0, 1, 1, 0, 0, 0, 1, 0
yacht_28_jpg.rf.5445586e6909dc6eb54089a4d2da91fc.jpg, 0, 0, 0, 1, 0, 1, 0, 1
yacht_54_jpg.rf.51bd02ced8ccf2303b88aba3dfa4a0ab.jpg, 0, 0, 0, 0, 1, 1, 0, 1
sails_95_jpg.rf.55f68a26baa3abd96241d016d931f6ac.jpg, 0, 0, 0, 1, 1, 0, 0, 0
yacht_53_jpg.rf.531ca91aea78e098f725a5e514c2372a.jpg, 0, 0, 0, 0, 1, 1, 0, 1
military_79_jpg.rf.51363be0d03b54d44884bdfe36562889.jpg, 0, 0, 1, 1, 0, 0, 0, 0
merch_57_jpg.rf.54431c505d37f496b3fa9d2d85eed06d.jpg, 0, 1, 1, 0, 0, 0, 1, 0
yacht_87_jpg.rf.57e309c47dade0176fc6067534f2e3ce.jpg, 0, 0, 0, 0, 0, 1, 0, 1
yacht_7_jpg.rf.52cbdb28d7ff4b5f50e2a72959adbee9.jpg, 0, 0, 0, 1, 0, 0, 0, 1
sub_99_jpg.rf.6137d19bbcdf2defaad39a7c2214eb70.jpg, 0, 0, 0, 0, 1, 1, 0, 0
merch_79_jpg.rf.5fdde87be14e51b484d73b570701db83.jpg, 1, 1, 1, 0, 0, 0, 0, 0
patrol_41_jpg.rf.62ede40919dcb0825e042371b5270a8c.jpg, 1, 0, 0, 1, 0, 0, 0, 0
merch_72_jpg.rf.63373611e19511ec73a561d81451561a.jpg, 1, 1, 0, 0, 0, 0, 0, 0
yacht_99_jpg.rf.5d4dca7526776076f20c4b0a7631b97d.jpg, 0, 0, 0, 0, 1, 0, 0, 1
yacht_16_jpg.rf.65a6827aeef884171d861e81632664cb.jpg, 0, 0, 0, 1, 1, 0, 0, 1
sub_27_jpg.rf.5cda6b45f80b76085009cc84ec0f1ecd.jpg, 0, 0, 0, 1, 1, 1, 1, 0
sub_91_jpg.rf.5ca8677f5675075eac8c66176d7077c0.jpg, 0, 0, 0, 1, 1, 1, 0, 0
patrol_1_jpg.rf.5d1a1dbd7307a9ab3fadc91bcf597986.jpg, 1, 1, 0, 1, 0, 0, 0, 0
merch_9_jpg.rf.62835f2f9671b2ea2ec3b96ddf7a6df4.jpg, 1, 1, 0, 0, 0, 0, 0, 0
merch_43_jpg.rf.630a19a07dae0baac6679c7f364a0438.jpg, 1, 1, 0, 1, 0, 0, 0, 0
merch_7_jpg.rf.5bae74e804f085740ba7ec541d49cc2c.jpg, 1, 1, 0, 0, 0, 0, 0, 0
yacht_88_jpg.rf.667c2aaa99ef75caece7aac8ed79aa55.jpg, 0, 0, 0, 1, 1, 1, 0, 1
patrol_48_jpg.rf.6326618a884b4ed7a3dfe1aea165c3e6.jpg, 1, 1, 1, 1, 0, 0, 0, 0
merch_46_jpg.rf.5ad7913deab8de859b1242e6e1496af8.jpg, 1, 1, 1, 0, 0, 0, 0, 0
patrol_41_jpg.rf.5ae953b445c956faa9b3d68b76ebbe6a.jpg, 1, 0, 1, 1, 0, 0, 0, 0
fish_92_jpg.rf.5ef1159e274c4df314b97e45d1c96460.jpg, 1, 0, 0, 0, 0, 0, 0, 0
military_20_jpg.rf.6398ba74d8c19d1473f74283d7f75b6a.jpg, 0, 1, 1, 0, 0, 0, 0, 0
yacht_20_jpg.rf.5c0ff445e87483861f28e805fc78d1da.jpg, 0, 1, 0, 1, 0, 1, 1, 1
military_31_jpg.rf.64708801d053691cf5b55aa7a4f9ef2d.jpg, 1, 0, 1, 0, 0, 0, 0, 0
yacht_11_jpg.rf.597e2fc5bde1150b69e21e52b1c81044.jpg, 0, 0, 0, 1, 0, 1, 0, 1
yacht_50_jpg.rf.61c676946938b43de98b61e7550003a9.jpg, 0, 0, 0, 0, 0, 1, 0, 1
yacht_83_jpg.rf.5831534de7b16208b9cb8388dee7f166.jpg, 0, 0, 0, 1, 0, 0, 0, 1
merch_58_jpg.rf.5d810fe9ab97777cff3ecfab690de235.jpg, 1, 1, 1, 0, 0, 0, 0, 0
merch_89_jpg.rf.5ec6699fec46f1d48084f3fd5dae69ad.jpg, 1, 1, 1, 0, 0, 0, 0, 0
sub_31_jpg.rf.68a898199d89c1b55d12f793d7e72e71.jpg, 0, 0, 0, 0, 1, 1, 0, 0
military_98_jpg.rf.69152a18d0287a19c389a7c8afa5b99b.jpg, 1, 0, 1, 1, 0, 0, 0, 0
sub_92_jpg.rf.67879b1c6653aaca59a75fd9df7abbd7.jpg, 0, 0, 0, 1, 0, 1, 0, 1
sub_84_jpg.rf.6815fd84f96a6523f05c1ddf8bae2ecf.jpg, 0, 0, 0, 0, 1, 1, 0, 1
military_84_jpg.rf.69c531d763b4196222b22822e6ff315b.jpg, 1, 1, 1, 0, 0, 0, 0, 0
yacht_98_jpg.rf.6afaec7c448a5825fcf9b03c049a3c3e.jpg, 0, 1, 0, 1, 0, 0, 0, 1
yacht_3_jpg.rf.68e81aa97740172d42b71f84eb9419d6.jpg, 0, 0, 0, 0, 1, 1, 0, 1
merch_41_jpg.rf.68e881db724c2c2fe38c232170f40735.jpg, 1, 1, 1, 0, 0, 0, 0, 0
sub_76_jpg.rf.6e3761dd00818edf524f92dc2c3c14f9.jpg, 0, 0, 0, 0, 1, 1, 0, 0
yacht_36_jpg.rf.6cf41812aa62a8f9eff3429450cbfebe.jpg, 0, 0, 0, 0, 1, 0, 0, 1
military_21_jpg.rf.692190c47fbf4ee5d722a50224e9b929.jpg, 1, 1, 1, 0, 0, 0, 0, 0
sub_99_jpg.rf.6ff600f0688a795c53c60cfe23ceb4b3.jpg, 0, 0, 0, 0, 1, 1, 0, 1
military_83_jpg.rf.6ec7428e17fa384f273bbaa6e584696c.jpg, 0, 0, 1, 0, 0, 0, 0, 0
yacht_70_jpg.rf.6e2cd37c6309993186ecbe0c9f7ce63f.jpg, 0, 0, 0, 0, 1, 1, 0, 1
merch_61_jpg.rf.6e95a4e44d9c3af843feffae31f28fd6.jpg, 1, 1, 0, 0, 0, 0, 1, 0
yacht_95_jpg.rf.6bafa3ffce42d487e1d94413a463cfc6.jpg, 0, 0, 0, 1, 1, 1, 0, 1
military_37_jpg.rf.7501417227e5008794a87f19e322696a.jpg, 1, 1, 1, 0, 0, 0, 0, 0
military_11_jpg.rf.711b9be8aa92901a231830e2c2f97784.jpg, 1, 1, 1, 0, 0, 0, 0, 0
yacht_75_jpg.rf.7317401ef766df2a1ac2318b317eee8d.jpg, 0, 0, 0, 0, 1, 1, 0, 1
military_33_jpg.rf.6b38657749cf852fd34457cb2e892a15.jpg, 0, 1, 1, 0, 0, 0, 0, 0
sub_60_jpg.rf.6d183cfef1401f8405bdf66dfa7115f6.jpg, 0, 0, 0, 1, 0, 1, 1, 0
yacht_99_jpg.rf.762e5129d70f448f91a30ba9456d524f.jpg, 0, 0, 0, 0, 1, 1, 0, 1
military_98_jpg.rf.6e9d8e2aa621674e46fa7d84130e50ec.jpg, 1, 1, 1, 0, 0, 0, 0, 0
sub_45_jpg.rf.75ac9aacb93c89fc690b01f1a307c0fe.jpg, 0, 1, 0, 0, 1, 1, 0, 0
sub_76_jpg.rf.77920390a31de2258c43549f17b15f0c.jpg, 0, 0, 0, 0, 1, 1, 0, 0
sub_41_jpg.rf.7943cd577f66674ca9d3ce7816222e88.jpg, 0, 0, 0, 1, 1, 1, 0, 0
military_95_jpg.rf.76875e1fd2156cab6aaa28fe967265e6.jpg, 1, 0, 1, 0, 0, 0, 0, 0
sub_90_jpg.rf.7a5ac93e9e4bf5f67396bcb25c41a037.jpg, 0, 0, 0, 0, 1, 1, 0, 1
military_92_jpg.rf.7c2345a596369a106e6c5b2f5d75ec4d.jpg, 0, 1, 1, 1, 0, 0, 0, 0
military_71_jpg.rf.77d0fc4d4dd2e4398116d412662b3e4c.jpg, 0, 1, 1, 0, 0, 0, 1, 0
sub_8_jpg.rf.7bc0ed24caf33f8b154d0e0a8f3ac1d9.jpg, 0, 0, 0, 1, 0, 1, 1, 0
military_38_jpg.rf.7c04f95cf6311fdad293a57ed04fcfb4.jpg, 1, 1, 1, 0, 0, 0, 0, 0
merch_98_jpg.rf.7bb9167c4596a321d4ddd73f95c76529.jpg, 1, 1, 1, 0, 0, 0, 0, 0
patrol_36_jpg.rf.7f4d7a08399e1f84d762379e072c3470.jpg, 1, 1, 0, 1, 0, 0, 0, 0
military_99_jpg.rf.82b3740220bdaf1c55bcf699973ec35a.jpg, 1, 1, 1, 0, 0, 0, 0, 0
yacht_18_jpg.rf.8079ad17779c3dcfa50bdcaf2af29e43.jpg, 0, 0, 0, 1, 1, 0, 0, 1
patrol_8_jpg.rf.84b2540cb2c4619a8e0e089da19fa0dd.jpg, 0, 0, 0, 1, 1, 0, 0, 0
yacht_9_jpg.rf.82b168f9bf3cb239bfa206a328ee6db3.jpg, 0, 0, 0, 0, 1, 1, 0, 1
yacht_75_jpg.rf.7adb58b61f7fc07d03b4310a23012c13.jpg, 0, 0, 0, 0, 1, 0, 0, 1
sub_41_jpg.rf.825c5e9d607b82dc4ad6c76f9527a9b3.jpg, 0, 0, 0, 1, 1, 1, 0, 0
yacht_10_jpg.rf.85910892c75786672f22c1b188dde21d.jpg, 0, 0, 0, 0, 0, 1, 0, 1
merch_85_jpg.rf.7cc04b1ec66fdc4c6bc635d12df616ca.jpg, 1, 1, 0, 0, 0, 0, 0, 0
sub_87_jpg.rf.85f382dcc483ae1c253ebbedc60936c2.jpg, 0, 0, 0, 1, 1, 1, 0, 0
merch_94_jpg.rf.85f3bc778fe1dbb47448e98c7ad3afbe.jpg, 1, 1, 0, 0, 0, 0, 0, 0
sub_95_jpg.rf.81f6acf18e35c8ccd4db83e9cf17e854.jpg, 0, 0, 0, 1, 1, 1, 0, 0
sub_55_jpg.rf.85f8215e8dbbcf8fa55aff7353a5ebfa.jpg, 0, 0, 0, 0, 1, 1, 0, 1
patrol_2_jpg.rf.7e277ca6d60e56b48b74db97653ba9f7.jpg, 1, 1, 1, 1, 0, 0, 0, 0
yacht_60_jpg.rf.7b98bcf048c59f16f960773fdfd1ab70.jpg, 0, 0, 0, 1, 1, 0, 0, 1
military_30_jpg.rf.863663938dae252b7664aa5d7216cd6e.jpg, 1, 1, 1, 0, 0, 0, 0, 1
yacht_57_jpg.rf.873fb3af4eafbf0e0c7800b6c6e49f72.jpg, 0, 0, 0, 0, 1, 1, 1, 1
yacht_21_jpg.rf.861b18c6d6c778eb4bbbd84a98785fc4.jpg, 0, 0, 0, 0, 1, 1, 0, 1
yacht_9_jpg.rf.7e013f2f345bb5107bcf6b65f5abca8c.jpg, 0, 0, 0, 0, 1, 1, 0, 1
yacht_8_jpg.rf.881b36b992b0754816c58e547c0f1026.jpg, 0, 0, 0, 0, 0, 1, 0, 1
military_68_jpg.rf.87d19175ad2cdebb03e7a0725274656c.jpg, 1, 1, 1, 0, 0, 0, 0, 0
military_24_jpg.rf.88d771a61c8d6a2d5c2ccec072e4d483.jpg, 1, 1, 1, 1, 0, 0, 0, 0
yacht_77_jpg.rf.87f7d2b4942933a9cab3344ad9726afb.jpg, 0, 0, 0, 1, 1, 0, 0, 1
patrol_4_jpg.rf.8903ec667c57cda6bd904512807bd542.jpg, 1, 1, 0, 1, 0, 0, 0, 0
military_52_jpg.rf.8a2b111f03a515af29a8e3bc96a43558.jpg, 1, 0, 1, 0, 0, 0, 1, 0
patrol_13_jpg.rf.8c222a4e304670dfb28a24817ab3a101.jpg, 1, 1, 0, 1, 0, 0, 0, 0
sails_99_jpg.rf.8d2d5e7e07ad671947bc14513cb1c28f.jpg, 0, 0, 0, 1, 1, 0, 0, 1
yacht_46_jpg.rf.8e791ac6bb67b54b63d3ec4925df1c14.jpg, 0, 0, 0, 0, 1, 0, 0, 1
military_48_jpg.rf.8a02ecd4576ff59aed80c37da1152e3d.jpg, 1, 0, 1, 0, 0, 0, 0, 0
patrol_38_jpg.rf.8b35de55bc153466ac6930a9a30693ce.jpg, 1, 1, 1, 1, 0, 0, 0, 0
yacht_91_jpg.rf.8d9f0e9ade3491f542723a5785f1ba31.jpg, 0, 0, 0, 0, 0, 1, 0, 1
patrol_52_jpg.rf.8bbbe13a0b7a1e0edbc3e0e8e6797973.jpg, 0, 1, 1, 1, 0, 0, 0, 0
military_89_jpg.rf.8ff9ba36b5f69dcde2cc2873ebd8a101.jpg, 1, 1, 1, 1, 0, 0, 0, 0
yacht_18_jpg.rf.904545f0fa9f06e82a7649573734d7f7.jpg, 0, 0, 0, 1, 1, 0, 0, 1
military_63_jpg.rf.8f251bea1b11672d590c51e2afe5b7e9.jpg, 1, 1, 1, 0, 0, 0, 0, 0
yacht_17_jpg.rf.90a56502fde106c944771ee3a7b7df1c.jpg, 0, 0, 1, 0, 0, 1, 1, 1
merch_7_jpg.rf.92039f36db1fbdc943ebc90e38c2744a.jpg, 1, 1, 1, 0, 0, 0, 0, 0
patrol_25_jpg.rf.8d6848db2c50c8c80d3241a83933b03b.jpg, 1, 1, 0, 1, 0, 0, 0, 0
yacht_54_jpg.rf.8fe884486f63939a29d5ad84ebe5316e.jpg, 0, 0, 0, 0, 0, 1, 0, 1
yacht_59_jpg.rf.8dd3d566ef79d58739a4ea1b5f6c55a8.jpg, 0, 0, 0, 1, 0, 1, 0, 1
yacht_75_jpg.rf.92273c6bb6acaa39baa4e23aacc5df3c.jpg, 0, 1, 0, 1, 1, 0, 0, 1
fish_73_jpg.rf.8f9e1c121111a11c297e531598c25c2a.jpg, 1, 1, 0, 0, 0, 0, 0, 0
merch_54_jpg.rf.8effe3116fa7f04cd70cc07f269b1b48.jpg, 1, 1, 0, 0, 0, 0, 0, 0
sub_86_jpg.rf.924fd6dd03e2ac5b9c410d9e556f31bf.jpg, 0, 0, 0, 1, 1, 1, 0, 0
patrol_2_jpg.rf.916a83a001ff3e4f603ac4b1f2e84182.jpg, 0, 0, 1, 1, 0, 0, 0, 0
yacht_85_jpg.rf.940e8a5fc481262435275a59ce70b802.jpg, 0, 0, 0, 1, 0, 1, 0, 1
yacht_76_jpg.rf.94f1b4982993bafbf59f87e1fafced88.jpg, 0, 0, 0, 0, 1, 1, 0, 1
sub_24_jpg.rf.949bd0698f19e9b4f5a848de2324667b.jpg, 0, 0, 0, 1, 1, 1, 0, 0
sub_86_jpg.rf.939a20cef060ea42b676f40439ca1525.jpg, 0, 0, 0, 1, 1, 1, 0, 1
military_25_jpg.rf.935a1438e20e20278dc8bfc1eac62039.jpg, 1, 1, 1, 0, 0, 0, 0, 0
military_30_jpg.rf.8fe5d9fecdeca672be15e596090bb217.jpg, 1, 1, 1, 0, 0, 0, 0, 0
sub_30_jpg.rf.95f615d05512d8d1647a1ec83c6c7985.jpg, 0, 0, 0, 0, 1, 1, 0, 0
yacht_32_jpg.rf.9604c960b140828977842d94c1530355.jpg, 0, 0, 0, 0, 0, 0, 0, 1
sub_14_jpg.rf.871457d3a744c295cb87f99e54065ce7.jpg, 0, 0, 0, 1, 0, 1, 0, 0
yacht_79_jpg.rf.964d67da9794d42fd1a4bca7cf03c759.jpg, 0, 0, 0, 0, 1, 1, 0, 1
merch_34_jpg.rf.96b4ba38de5ca6c125a92fd3f203f26b.jpg, 1, 1, 0, 0, 0, 0, 0, 0
merch_95_jpg.rf.969c3110bd23ca5572623ce3bb3f3705.jpg, 1, 1, 0, 0, 0, 0, 0, 0
yacht_85_jpg.rf.95b5b9e4314890fa6c78402e24f16a6a.jpg, 0, 0, 0, 1, 1, 1, 0, 1
yacht_95_jpg.rf.953eaf0ca43f57e8a19dc65c12dd8631.jpg, 0, 1, 0, 1, 1, 1, 0, 1
military_83_jpg.rf.97caf99e4bbf0295bedf2be23eaae415.jpg, 1, 1, 1, 0, 0, 0, 0, 0
yacht_92_jpg.rf.9a226765bfc64ba30c1c4e361c351572.jpg, 0, 0, 0, 0, 1, 1, 0, 1
yacht_92_jpg.rf.9a1c37c5125293eea692ec13bc91976b.jpg, 0, 0, 0, 1, 1, 0, 0, 1
patrol_35_jpg.rf.9c3495049acb4a1c5766784d1dc895b7.jpg, 1, 1, 1, 1, 0, 0, 0, 0
sub_3_jpg.rf.9719810164a1c201f41301afa2b086a5.jpg, 0, 0, 0, 1, 1, 1, 0, 0
patrol_44_jpg.rf.96d87c72d29cba9074cf3e45e572ce0c.jpg, 1, 0, 1, 1, 0, 0, 0, 0
yacht_46_jpg.rf.9bd16ca425ebd3bf003757584bd7288b.jpg, 0, 0, 0, 0, 1, 0, 0, 1
sub_60_jpg.rf.9b1f5818812f7d98ed95a49b1493c6cd.jpg, 0, 0, 0, 1, 1, 1, 0, 0
patrol_40_jpg.rf.9d09056b961df1339621c9663f3f5cce.jpg, 1, 1, 1, 1, 0, 0, 0, 0
yacht_86_jpg.rf.9d19d525ec234cf173c9a847a9d4e071.jpg, 0, 0, 0, 0, 1, 1, 0, 1
military_90_jpg.rf.9d923f61d7e87d20fa4c727e10e6439b.jpg, 1, 1, 1, 0, 0, 0, 0, 0
patrol_18_jpg.rf.9d20cdf3cdd14eb51d9755787fc3a06e.jpg, 0, 1, 1, 1, 0, 0, 0, 0
yacht_17_jpg.rf.9d41d1816ae2a5542b24f4b93fcf59c6.jpg, 0, 0, 0, 1, 1, 1, 0, 1
patrol_45_jpg.rf.9ff078f9e7e694c4c2e7ef9f15434b52.jpg, 1, 1, 0, 1, 0, 0, 1, 0
yacht_89_jpg.rf.9e54b291cf84e7ab0857a2ac26b07e1a.jpg, 0, 0, 0, 0, 0, 1, 0, 1
sub_19_jpg.rf.9f26fb083f0ab93e39825d31aa52aa01.jpg, 0, 0, 0, 0, 1, 1, 0, 0
patrol_4_jpg.rf.9a5fe42f85f4626c3305ceb67b44db84.jpg, 0, 1, 1, 1, 0, 0, 0, 0
military_44_jpg.rf.9d42869bec974d9d8160e6bb525069ec.jpg, 1, 1, 1, 0, 0, 0, 0, 0
merch_86_jpg.rf.9d0095f9f8003966ff5e2ca2f3ee9368.jpg, 1, 1, 0, 0, 0, 0, 0, 0
military_91_jpg.rf.9e6ad2ee1dc2a8a0812aa866ffae2ab4.jpg, 1, 1, 1, 0, 0, 0, 0, 0
military_93_jpg.rf.a1539b81fa4c26e6008be35dde2dc3f4.jpg, 1, 1, 1, 1, 0, 0, 0, 0
yacht_38_jpg.rf.a02d383eca247e4e307bbdb41d5a6c7a.jpg, 0, 0, 0, 0, 1, 1, 0, 1
sub_12_jpg.rf.a1bbfc8f944d98bcf2d694af2331b775.jpg, 0, 0, 0, 1, 1, 1, 0, 0
military_89_jpg.rf.9f99d6d4dcfeee1bbdeff9cd47ae744f.jpg, 0, 1, 1, 0, 0, 0, 0, 0
yacht_96_jpg.rf.a01bcc125654313d20307cf40192a2cc.jpg, 0, 0, 0, 1, 1, 0, 0, 1
military_4_jpg.rf.a3a44191689aca50fab646b2c1ff9999.jpg, 0, 1, 1, 0, 0, 0, 0, 0
sub_48_jpg.rf.a051eeef06b94cc85bc78de36c607e3a.jpg, 0, 0, 0, 1, 1, 1, 0, 0
sails_89_jpg.rf.a39d434b766782b3b02a2973f47d7154.jpg, 0, 0, 0, 1, 1, 1, 0, 0
sub_7_jpg.rf.a4803410d4dd9750de0dccef04304785.jpg, 0, 0, 0, 1, 1, 1, 0, 0
military_44_jpg.rf.a213950002f9a332da97c330fc8bcc2e.jpg, 0, 1, 1, 0, 0, 0, 0, 0
military_82_jpg.rf.a56ffa96c5d25a76be4c7a834d02d6dd.jpg, 1, 1, 1, 0, 0, 0, 0, 0
patrol_38_jpg.rf.a4b7e3daa89cea77499d39f7e4ca9ae2.jpg, 1, 1, 0, 1, 0, 0, 0, 0
sub_65_jpg.rf.a14fb529d57d094f1c531efea4a12da7.jpg, 0, 0, 0, 0, 1, 1, 0, 0
sub_61_jpg.rf.a48e2de6139c76b96d2eeb0549852940.jpg, 0, 0, 0, 0, 1, 1, 0, 0
patrol_23_jpg.rf.a3ed20ceeec801aff9d5f29379febb10.jpg, 0, 1, 0, 1, 1, 0, 0, 0
yacht_100_jpg.rf.a91588994b3d16b09c9a47e06c5cc13f.jpg, 0, 0, 0, 0, 0, 1, 0, 1
merch_7_jpg.rf.a6f8ea509a6b4a3532cdf95d9694486a.jpg, 0, 1, 1, 0, 0, 0, 0, 0
yacht_61_jpg.rf.a679c6fef18f234cbf725120aa0758c6.jpg, 0, 0, 0, 0, 1, 1, 0, 1
patrol_48_jpg.rf.a680494bb2dad57fa7053c409249c06d.jpg, 1, 1, 0, 1, 0, 0, 0, 0
military_37_jpg.rf.a974147dddb07090f3e75d2494ed626b.jpg, 1, 1, 1, 0, 0, 0, 0, 0
patrol_33_jpg.rf.a94d59b95c205f84920a70c4ee38b86a.jpg, 0, 1, 1, 1, 0, 0, 0, 0
yacht_83_jpg.rf.a7c2421c55a026e4f4f4a14595d37bcd.jpg, 0, 0, 0, 0, 0, 1, 0, 1
sails_83_jpg.rf.a9b66e56b034ef4f603221203cbe7df9.jpg, 0, 0, 0, 1, 1, 0, 0, 0
patrol_51_jpg.rf.a99512386b000390e618f3a1989a6488.jpg, 1, 0, 0, 1, 0, 0, 0, 0
yacht_71_jpg.rf.aa85f99b5fa561d1829e4eaf7a812a91.jpg, 0, 0, 0, 1, 1, 1, 0, 1
sub_23_jpg.rf.a9250babf22841454696798e55cc49f9.jpg, 0, 0, 0, 1, 1, 1, 0, 0
sub_67_jpg.rf.a9729705dc8ccad13d0d71f9d7f1d42e.jpg, 0, 0, 0, 1, 1, 1, 0, 0
military_48_jpg.rf.ac5397a528c2403fad3c364bde704318.jpg, 1, 1, 1, 0, 0, 0, 0, 0
yacht_88_jpg.rf.aaae5dce1cf6fc16f2b47ee28d10398c.jpg, 0, 0, 0, 0, 0, 1, 0, 1
sub_92_jpg.rf.ac7917a543e3239059af7181803541dc.jpg, 0, 0, 0, 1, 1, 1, 0, 0
military_100_jpg.rf.aec9699437916b774e416c4312a0b0c0.jpg, 0, 1, 1, 0, 0, 0, 0, 0
sub_79_jpg.rf.aadc13fe35b0583a99d26c8357e88c52.jpg, 0, 0, 0, 1, 0, 1, 0, 0
yacht_92_jpg.rf.af3eb76b53f09645bd268195ac3eef55.jpg, 0, 0, 0, 1, 1, 0, 0, 1
yacht_3_jpg.rf.af5d6309e60ad3625789026c5ca29608.jpg, 0, 0, 0, 1, 0, 1, 0, 1
yacht_85_jpg.rf.b01d73d3d2b8be5d6ae1815e843c2d0c.jpg, 0, 0, 0, 0, 0, 1, 0, 1
military_15_jpg.rf.ae8fee3baf0867088af4965702ad4c50.jpg, 1, 0, 1, 0, 0, 0, 0, 0
military_87_jpg.rf.b0b4f11fd42379e14de462202e4fe68e.jpg, 0, 1, 1, 0, 0, 0, 1, 0
military_81_jpg.rf.b1a261980930275b1b05a0ad538f7365.jpg, 1, 1, 1, 1, 0, 0, 0, 0
yacht_41_jpg.rf.b1888b7a0cbe1f0ef715168a4c825705.jpg, 0, 0, 0, 1, 1, 0, 0, 1
sub_83_jpg.rf.afefa68a7845e9980bd8a619d6e1a395.jpg, 0, 0, 0, 0, 0, 1, 0, 0
merch_72_jpg.rf.ae66325da291d31fad88ba41b7123911.jpg, 1, 1, 0, 0, 0, 0, 0, 0
merch_73_jpg.rf.af643ccd09efc0d379af76aaca760e77.jpg, 1, 1, 0, 0, 0, 0, 0, 0
military_85_jpg.rf.b1aca16f5c84482f3bd48bb438addaf4.jpg, 1, 0, 1, 1, 0, 0, 0, 0
yacht_31_jpg.rf.b253fdb8834192ecfbbfff9cf687d6fc.jpg, 0, 0, 0, 1, 1, 1, 0, 1
military_67_jpg.rf.b2c578f7bea27ca7a07629a424b45b13.jpg, 0, 1, 1, 0, 0, 0, 0, 0
yacht_34_jpg.rf.b17981a605a8a766dfe020f63de2c36c.jpg, 0, 0, 0, 0, 0, 1, 0, 1
military_80_jpg.rf.b258558757d6e01db9b4a0d114a9abf4.jpg, 0, 1, 1, 1, 0, 0, 0, 0
yacht_40_jpg.rf.b247adc5c31fd1be0159f8c713436ed6.jpg, 0, 0, 0, 0, 1, 0, 0, 1
yacht_65_jpg.rf.ae29ceebd712242dde062c92cfbf2aa4.jpg, 0, 0, 0, 0, 1, 0, 0, 1
sub_50_jpg.rf.b2eeacdffdbe1a5c630a8bf34851c1b1.jpg, 0, 0, 0, 0, 1, 1, 0, 0
military_91_jpg.rf.b2f086156fd349bb05c66fa467dd3298.jpg, 0, 1, 1, 0, 0, 0, 0, 0
yacht_81_jpg.rf.b39a67a29fe971ca30e131b4a8c7a939.jpg, 0, 0, 0, 0, 1, 0, 0, 1
merch_86_jpg.rf.b5f2129d69c9841607876f0a606c16fd.jpg, 0, 1, 1, 0, 0, 0, 0, 0
patrol_47_jpg.rf.ad19b7d38f9cf7b6ccfae0ec3e1bf922.jpg, 1, 1, 1, 1, 0, 0, 0, 0
patrol_35_jpg.rf.b45dd179cc74d35356e540dc2415b19e.jpg, 1, 0, 0, 1, 0, 0, 0, 0
merch_81_jpg.rf.b610e4306ca65a6b3c88636dd7dcd4f9.jpg, 1, 1, 0, 1, 0, 0, 0, 0
patrol_21_jpg.rf.b5ea3042f3c10229125222b4ec19c85a.jpg, 1, 0, 1, 1, 0, 0, 0, 0
yacht_30_jpg.rf.b5ef4823dafccce72d823859974d0bcd.jpg, 0, 0, 0, 1, 1, 1, 0, 1
sails_67_jpg.rf.b8c1ad819f3d70aae6e4f85bad68a41f.jpg, 0, 0, 0, 0, 1, 1, 0, 0
sub_78_jpg.rf.ba97638eac6fc49f0877ff07374dbb75.jpg, 0, 0, 0, 0, 1, 1, 0, 1
military_90_jpg.rf.b6acddbb7e9d6e12b12382ff574d4147.jpg, 1, 0, 1, 0, 0, 0, 0, 0
yacht_55_jpg.rf.b66faef8e83fd8d05548ff2c726f5bd5.jpg, 0, 0, 0, 1, 1, 1, 0, 1
yacht_90_jpg.rf.b8dd01d7eb70df35c540368dd0d5d363.jpg, 0, 0, 0, 1, 1, 1, 0, 1
patrol_10_jpg.rf.ba6bb79a4563733f1f7d9342509aa432.jpg, 1, 0, 1, 1, 0, 0, 0, 0
yacht_44_jpg.rf.bab4a63977a5ae8e305dd0be7e901cfb.jpg, 0, 0, 0, 0, 1, 0, 0, 1
patrol_36_jpg.rf.bc4d89dad8ccacc391368c212a8b4ec9.jpg, 1, 1, 1, 1, 0, 0, 0, 0
patrol_100_jpg.rf.bc9baccc90108da3c0490cb90457547a.jpg, 1, 1, 1, 1, 0, 0, 0, 0
military_9_jpg.rf.b9eef637217a6b66b3a997883028fde9.jpg, 1, 1, 1, 0, 0, 0, 0, 0
sub_40_jpg.rf.b48954bd473b2d56a84067a7b4b88d40.jpg, 0, 0, 0, 1, 1, 1, 0, 0
yacht_71_jpg.rf.bbd9f94907544202f74eac10de5a80e1.jpg, 0, 0, 1, 1, 0, 1, 0, 1
yacht_55_jpg.rf.bb9abcebdc689baf6abb884dcd16939d.jpg, 0, 0, 0, 0, 1, 1, 0, 1
yacht_9_jpg.rf.c139eac2844f64934939c1b3da3a6d46.jpg, 0, 0, 0, 0, 1, 1, 0, 1
military_52_jpg.rf.c1cfcd8ccff5be7c8953428448873754.jpg, 0, 1, 1, 0, 0, 0, 0, 0
yacht_26_jpg.rf.c17ff9f5ecec8a189b90cd2171a20559.jpg, 0, 0, 0, 0, 0, 1, 0, 1
yacht_32_jpg.rf.bd6a93fcd094edeff0172585c853c79b.jpg, 0, 0, 0, 1, 1, 1, 0, 1
yacht_99_jpg.rf.bf40e5b341a1799b8168955026db251c.jpg, 0, 0, 1, 0, 1, 1, 0, 1
patrol_40_jpg.rf.c2784a2a00be59a5eec8926e9a2753b0.jpg, 0, 1, 1, 1, 0, 0, 0, 0
patrol_24_jpg.rf.c23b02baedd6f4e511af99dfd3798802.jpg, 1, 1, 1, 1, 1, 0, 0, 0
military_15_jpg.rf.bd3745de92213d27524c60180fa4ebc9.jpg, 1, 1, 1, 0, 0, 0, 0, 0
yacht_58_jpg.rf.c29dcef250436c0487fff870efdc4f17.jpg, 0, 0, 0, 1, 0, 1, 0, 1
yacht_86_jpg.rf.c19d1f66642dda9fc989776ef6e469dc.jpg, 0, 0, 0, 0, 1, 0, 0, 1
merch_47_jpg.rf.c23a5d8af9a36427b39e1db3116d93e3.jpg, 1, 1, 0, 0, 0, 0, 0, 0
yacht_87_jpg.rf.c35b69802021a2c82ee2fb107efc9dfe.jpg, 0, 0, 0, 1, 0, 0, 0, 1
patrol_22_jpg.rf.c4120657975ababa3babd7a8e7225ea3.jpg, 1, 0, 1, 1, 1, 0, 0, 0
fish_42_jpg.rf.c398a765749e4e659f8504abba3059b6.jpg, 1, 0, 0, 0, 0, 0, 0, 1
merch_98_jpg.rf.c45aa9883067edc8b28f56346b50d32c.jpg, 1, 1, 1, 0, 0, 0, 0, 0
military_61_jpg.rf.c82d4bde4c9b50a52d16a225ab03c773.jpg, 0, 1, 1, 0, 0, 0, 0, 0
yacht_45_jpg.rf.c695fc10020f184689d82d8b94af7109.jpg, 0, 0, 0, 0, 1, 1, 0, 1
patrol_20_jpg.rf.c53c029610da3ea62c61cbb2e7f32aed.jpg, 1, 1, 0, 1, 0, 0, 0, 0
yacht_11_jpg.rf.c6dd3345fe14a6fd2677e95182699744.jpg, 0, 0, 0, 0, 0, 1, 0, 1
merch_89_jpg.rf.c2ccbc2a9a56f940fc403bcb203e3b9d.jpg, 1, 1, 0, 0, 0, 0, 0, 0
sub_59_jpg.rf.c8825226665bf5e3d41bbdebb8d5afef.jpg, 0, 0, 0, 0, 1, 1, 0, 1
patrol_33_jpg.rf.c957d582f74f4ca8dc77c1fc9bd2d528.jpg, 1, 0, 0, 1, 0, 0, 0, 0
yacht_22_jpg.rf.c5459fa9a213561845d2be7b1f22eec0.jpg, 0, 0, 0, 0, 1, 1, 0, 1
military_79_jpg.rf.cb59566888d0d2b3ebc69f8d201779fb.jpg, 1, 1, 1, 0, 0, 0, 0, 0
patrol_25_jpg.rf.c9a147abc9177add8c2f4fc9b9157681.jpg, 0, 0, 1, 1, 1, 0, 0, 0
military_65_jpg.rf.ccc17a5dbbf523dfd4dadf581fa064a3.jpg, 0, 1, 1, 0, 0, 0, 0, 0
yacht_31_jpg.rf.c56d3346ffd2914cab24d98d2328f883.jpg, 0, 0, 0, 0, 1, 1, 0, 1
yacht_98_jpg.rf.ca21231aeda6ffb4fdc976c30f6ea646.jpg, 0, 0, 0, 0, 1, 1, 0, 1
military_81_jpg.rf.cbd89765d21c38bed3e59b1e064e16ca.jpg, 1, 0, 1, 0, 0, 0, 0, 0
patrol_32_jpg.rf.ce4fcc454380b5021bbda2c570d9aa45.jpg, 1, 0, 0, 1, 0, 0, 0, 0
military_53_jpg.rf.cf6ab30049892f93c6a7c7e78a530114.jpg, 1, 0, 1, 0, 0, 0, 0, 0
military_63_jpg.rf.d0ccecc09b8a51f363d116ee9496bc88.jpg, 1, 1, 1, 0, 0, 0, 0, 0
yacht_50_jpg.rf.c5d23790a7d7295db281e0c6b55bbbaa.jpg, 0, 0, 0, 1, 0, 0, 0, 1
yacht_51_jpg.rf.cd117e79726678902e6f2a83f4d8a284.jpg, 0, 1, 0, 0, 0, 1, 0, 1
merch_49_jpg.rf.ccf5d8e99dcbdf3f5db147add483ed7e.jpg, 1, 1, 1, 0, 0, 0, 0, 0
military_81_jpg.rf.cfe03922975db37aa07b02ad1f22f6d5.jpg, 0, 0, 1, 1, 0, 0, 0, 0
yacht_30_jpg.rf.cea1d6dfd9f3c3f3b17e5dd048795cae.jpg, 0, 0, 0, 0, 1, 1, 0, 1
military_35_jpg.rf.d0b4a36cf72df31a976a6ca85c1379af.jpg, 1, 1, 1, 0, 0, 0, 0, 0
patrol_100_jpg.rf.cfc3221863d531342dd106c1c63ccd90.jpg, 0, 1, 0, 1, 0, 0, 0, 0
yacht_60_jpg.rf.c9b7c98155f14c884def24cd34c8aeba.jpg, 0, 0, 0, 1, 1, 0, 0, 1
yacht_77_jpg.rf.cdf620efd2216251920614f098a44675.jpg, 0, 0, 0, 0, 1, 1, 0, 1
sub_77_jpg.rf.cebe1590c7aeebc72d85729e8e7a10e3.jpg, 0, 0, 0, 1, 1, 1, 0, 0